一	one	1	1	1	
二	two	2	2	1	
三	three	3	3	1	
四	four	5	4	1	
五	five	4	5	1	
六	six	4	6	1	
七	seven	2	7	1	
八	eight	2	8	1	
九	nine	2	9	1	
十	ten	2	10	1	
口	mouth	3	11	1	
日	day	4	12	1	
月	month	4	13	1	
田	rice field	5	14	1	
目	eye	5	15	1	
古	old	5	16	2	
吾	I	7	17	2	
冒	risk	9	18	2	
朋	companion	8	19	2	
明	bright	8	20	2	
唱	chant	11	21	2	
晶	sparkle	12	22	2	
品	goods	9	23	2	
呂	spine	7	24	2	
昌	prosperous	8	25	2	
早	early	6	26	2	
旭	rising sun	6	27	2	
世	generation	5	28	2	
胃	stomach	9	29	2	
旦	nightbreak	5	30	2	
胆	gall bladder	9	31	2	
亘	span	6	32	2	
凹	concave	5	33	2	
凸	convex	5	34	2	
旧	olden times	5	35	3	
自	oneself	6	36	3	
白	white	5	37	3	
百	hundred	6	38	3	
中	in	4	39	3	
千	thousand	3	40	3	
舌	tongue	6	41	3	
升	measuring box	4	42	3	
昇	rise up	8	43	3	
丸	round	3	44	3	
寸	measurement	3	45	3	
専	specialty	9	46	3	
博	Dr.	12	47	3	
占	fortune-telling	5	48	3	
上	above	3	49	3	
下	below	3	50	3	
卓	eminent	8	51	3	
朝	morning	12	52	3	
只	only	5	53	4	
貝	shellfish	7	54	4	
貞	upright	9	55	4	
員	employee	10	56	4	
見	see	7	57	4	
児	newborn babe	7	58	4	
元	beginning	4	59	4	
頁	page	9	60	4	
頑	stubborn	13	61	4	
凡	mediocre	3	62	4	
負	defeat	9	63	4	
万	ten thousand	3	64	4	
句	phrase	5	65	4	
肌	texture	6	66	4	
旬	decameron	6	67	4	
勺	ladle	3	68	4	
的	bull's eye	8	69	4	
首	neck	9	70	4	
乙	fish guts	1	71	5	
乱	riot	7	72	5	
直	straightaway	8	73	5	
具	tool	8	74	5	
真	true	10	75	5	
工	craft	3	76	5	
左	left	5	77	5	
右	right	5	78	5	
有	possess	6	79	5	
賄	bribe	13	80	5	
貢	tribute	10	81	5	
項	paragraph	12	82	5	
刀	sword	2	83	5	
刃	blade	3	84	5	
切	cut	4	85	5	
召	seduce	5	86	5	
昭	shining	9	87	5	
則	rule	9	88	5	
副	vice-	11	89	5	
別	separate	7	90	5	
丁	street	2	91	5	
町	village	7	92	5	
可	can	5	93	5	
頂	place on the head	11	94	5	
子	child	3	95	6	
孔	cavity	4	96	6	
了	complete	2	97	6	
女	woman	3	98	6	
好	fond	6	99	6	
如	likeness	6	100	6	
母	mama	5	101	6	
貫	pierce	11	102	6	
兄	elder brother	5	103	6	
克	overcome	7	104	6	
小	little	3	105	7	
少	few	4	106	7	
大	large	3	107	7	
多	many	6	108	7	
夕	evening	3	109	7	
汐	eventide	6	110	7	
外	outside	5	111	7	
名	name	6	112	7	
石	stone	5	113	7	
肖	resemblance	7	114	7	
硝	nitrate	12	115	7	
砕	smash	9	116	7	
砂	sand	9	117	7	
削	plane	9	118	7	
光	ray	6	119	7	
太	plump	4	120	7	
器	utensil	15	121	7	
臭	stinking	9	122	7	
妙	exquisite	7	123	7	
省	focus	9	124	7	
厚	thick	9	125	7	
奇	strange	8	126	7	
川	stream	3	127	8	
州	state	6	128	8	
順	obey	12	129	8	
水	water	4	130	8	
氷	icicle	5	131	8	
永	eternity	5	132	8	
泉	spring	9	133	8	
原	meadow	10	134	8	
願	petition	19	135	8	
泳	swim	8	136	8	
沼	marsh	8	137	8	
沖	open sea	7	138	8	
江	creek	6	139	8	
汁	soup	5	140	8	
潮	tide	15	141	8	
源	source	13	142	8	
活	lively	9	143	8	
消	extinguish	10	144	8	
況	but of course	8	145	8	
河	river	8	146	8	
泊	overnight	8	147	8	
湖	lake	12	148	8	
測	fathom	12	149	8	
土	soil	3	150	8	
吐	spit	6	151	8	
圧	pressure	5	152	8	
埼	cape	11	153	8	
垣	hedge	9	154	8	
圭	squared jewel	6	155	8	
封	seal	9	156	8	
涯	horizon	11	157	8	
寺	Buddhist temple	6	158	8	
時	time	10	159	8	
均	level	7	160	8	
火	fire	4	161	8	
炎	inflammation	8	162	8	
煩	anxiety	13	163	8	
淡	thin	11	164	8	
灯	lamp	6	165	8	
畑	farm	9	166	8	
災	disaster	7	167	8	
灰	ashes	6	168	8	
点	spot	9	169	8	
照	illuminate	13	170	8	
魚	fish	11	171	8	
漁	fishing	14	172	8	
里	ri	7	173	9	
黒	black	11	174	9	
墨	black ink	14	175	9	
鯉	carp	18	176	9	
量	quantity	12	177	9	
厘	rin	9	178	9	
埋	bury	10	179	9	
同	same	6	180	9	
洞	den	9	181	9	
胴	trunk	10	182	9	
向	yonder	6	183	9	
尚	esteem	8	184	9	
字	character	6	185	9	
守	guard	6	186	9	
完	perfect	7	187	9	
宣	proclaim	9	188	9	
宵	wee hours	10	189	9	
安	relax	6	190	9	
宴	banquet	10	191	9	
寄	draw near	11	192	9	
富	wealth	12	193	9	
貯	savings	12	194	9	
木	tree	4	195	10	
林	grove	8	196	10	
森	forest	12	197	10	
桂	Japanese Judas-tree	10	198	10	
柏	oak	9	199	10	
枠	frame	8	200	10	
梢	treetops	11	201	10	
棚	shelf	12	202	10	
杏	apricot	7	203	10	
桐	paulownia	10	204	10	
植	plant	12	205	10	
枯	wither	9	206	10	
朴	crude	6	207	10	
村	town	7	208	10	
相	inter-	9	209	10	
机	desk	6	210	10	
本	book	5	211	10	
札	tag	5	212	10	
暦	calendar	14	213	10	
案	plan	10	214	10	
燥	parch	17	215	10	
未	not yet	5	216	10	
末	extremity	5	217	10	
沫	splash	8	218	10	
味	flavor	8	219	10	
妹	younger sister	8	220	10	
朱	vermilion	6	221	10	
株	stocks	10	222	10	
若	young	8	223	10	
草	grass	9	224	10	
苦	suffering	8	225	10	
寛	tolerant	13	226	10	
薄	dilute	16	227	10	
葉	leaf	12	228	10	
模	imitation	14	229	10	
漠	vague	13	230	10	
墓	grave	13	231	10	
暮	livelihood	14	232	10	
膜	membrane	14	233	10	
苗	seedling	8	234	10	
兆	portent	6	235	11	
桃	peach tree	10	236	11	
眺	stare	11	237	11	
犬	dog	4	238	11	
状	status quo	7	239	11	
黙	silence	15	240	11	
然	sort of thing	12	241	11	
荻	reed	10	242	11	
狩	hunt	9	243	11	
猫	cat	11	244	11	
牛	cow	4	245	11	
特	special	10	246	11	
告	revelation	7	247	11	
先	before	6	248	11	
洗	wash	9	249	11	
介	jammed in	4	250	12	
界	world	9	251	12	
茶	tea	9	252	12	
合	fit	6	253	12	
塔	pagoda	12	254	12	
王	king	4	255	12	
玉	jewel	5	256	12	
宝	treasure	8	257	12	
珠	pearl	10	258	12	
現	present	11	259	12	
狂	lunatic	7	260	12	
皇	emperor	9	261	12	
呈	display	7	262	12	
全	whole	6	263	12	
栓	plug	10	264	12	
理	logic	11	265	12	
主	lord	5	266	12	
注	pour	8	267	12	
柱	pillar	9	268	12	
金	gold	8	269	12	
銑	pig iron	14	270	12	
鉢	bowl	13	271	12	
銅	copper	14	272	12	
釣	angling	11	273	12	
針	needle	10	274	12	
銘	inscription	14	275	12	
鎮	tranquillize	18	276	12	
道	road-way	12	277	13	
導	guidance	15	278	13	
辻	crossing	5	279	13	
迅	swift	6	280	13	
造	create	10	281	13	
迫	urge	8	282	13	
逃	escape	9	283	13	
辺	environs	5	284	13	
巡	patrol	6	285	13	
車	car	7	286	13	
連	take along	10	287	13	
軌	rut	9	288	13	
輸	transport	16	289	13	
前	in front	9	290	13	
各	each	6	291	13	
格	status	10	292	13	
略	abbreviation	11	293	13	
客	guest	9	294	13	
額	forehead	18	295	13	
夏	summer	10	296	13	
処	dispose	5	297	13	
条	twig	7	298	13	
落	fall	12	299	13	
冗	superfluous	4	300	14	
軍	army	9	301	14	
輝	radiance	15	302	14	
運	carry	12	303	14	
冠	crown	9	304	14	
夢	dream	13	305	14	
坑	pit	7	306	14	
高	tall	10	307	14	
享	receive	8	308	14	
塾	cram school	14	309	14	
熟	mellow	15	310	14	
亭	pavilion	9	311	14	
京	capital	8	312	14	
涼	refreshing	11	313	14	
景	scenery	12	314	14	
鯨	whale	19	315	14	
舎	cottage	8	316	14	
周	circumference	8	317	14	
週	week	11	318	14	
士	gentleman	3	319	14	
吉	good luck	6	320	14	
壮	robust	6	321	14	
荘	villa	9	322	14	
売	sell	7	323	14	
学	study	8	324	15	
覚	memorize	12	325	15	
栄	flourish	9	326	15	
書	write	10	327	15	
津	haven	9	328	15	
牧	breed	8	329	15	
攻	aggression	7	330	15	
敗	failure	11	331	15	
枚	sheet of	8	332	15	
故	happenstance	9	333	15	
敬	awe	12	334	15	
言	say	7	335	15	
警	admonish	19	336	15	
計	plot	9	337	15	
獄	prison	14	338	15	
訂	revise	9	339	15	
討	chastise	10	340	15	
訓	instruction	10	341	15	
詔	imperial edict	12	342	15	
詰	packed	13	343	15	
話	tale	13	344	15	
詠	recitation	12	345	15	
詩	poem	13	346	15	
語	word	14	347	15	
読	read	14	348	15	
調	tune	15	349	15	
談	discuss	15	350	15	
諾	consent	15	351	15	
諭	rebuke	16	352	15	
式	style	6	353	16	
試	test	13	354	16	
弐	II (two)	6	355	16	
域	range	11	356	16	
賊	burglar	13	357	16	
栽	plantation	10	358	16	
載	load	13	359	16	
茂	overgrown	8	360	16	
成	turn into	6	361	16	
城	castle	9	362	16	
誠	sincerity	13	363	16	
威	intimidate	9	364	16	
滅	destroy	13	365	16	
減	dwindle	12	366	16	
桟	scaffold	10	367	16	
銭	coin	14	368	16	
浅	shallow	9	369	16	
止	stop	4	370	17	
歩	walk	8	371	17	
渉	ford	11	372	17	
頻	repeatedly	17	373	17	
肯	agreement	8	374	17	
企	undertake	6	375	17	
歴	curriculum	14	376	17	
武	warrior	8	377	17	
賦	levy	15	378	17	
正	correct	5	379	17	
証	evidence	12	380	17	
政	politics	9	381	17	
定	determine	8	382	17	
錠	lock	16	383	17	
走	run	7	384	17	
超	transcend	12	385	17	
赴	proceed	9	386	17	
越	surpass	12	387	17	
是	just so	9	388	17	
題	topic	18	389	17	
堤	dike	12	390	17	
建	build	9	391	17	
延	prolong	8	392	17	
誕	nativity	15	393	17	
礎	cornerstone	18	394	17	
婿	bridegroom	12	395	17	
衣	garment	6	396	18	
裁	tailor	12	397	18	
装	attire	12	398	18	
裏	back	13	399	18	
壊	demolition	16	400	18	
哀	pathetic	9	401	18	
遠	distant	13	402	18	
猿	monkey	13	403	18	
初	first time	7	404	18	
布	linen	5	405	18	
帆	sail	6	406	18	
幅	hanging scroll	12	407	18	
帽	cap	12	408	18	
幕	curtain	13	409	18	
幌	canopy!	13	410	18	
錦	brocade	16	411	18	
市	market	5	412	18	
姉	elder sister	8	413	18	
肺	lungs	9	414	18	
帯	sash	10	415	18	
滞	stagnate	13	416	18	
刺	thorn	8	417	18	
制	system	8	418	18	
製	made in...	14	419	18	
転	revolve	11	420	18	
芸	technique	7	421	18	
雨	rain	8	422	18	
雲	cloud	12	423	18	
曇	cloudy weather	16	424	18	
雷	thunder	13	425	18	
霜	frost	17	426	18	
冬	winter	5	427	18	
天	Heavens	4	428	18	
橋	bridge	16	429	18	
嬌	attractive	15	430	18	
立	stand up	5	431	18	
泣	cry	8	432	18	
章	badge	11	433	18	
競	vie	20	434	18	
帝	sovereign	9	435	18	
童	juvenile	12	436	18	
瞳	pupil	17	437	18	
鐘	bell	20	438	18	
商	make a deal	11	439	18	
嫡	legitimate wife	14	440	18	
適	suitable	14	441	18	
滴	drip	14	442	18	
敵	enemy	15	443	18	
匕	spoon	2	444	18	
北	north	5	445	18	
背	stature	9	446	18	
比	compare	4	447	18	
昆	descendants	8	448	18	
皆	all	9	449	18	
混	mix	11	450	18	
渇	thirst	11	451	18	
謁	audience	15	452	18	
褐	brown	13	453	18	
喝	hoarse	11	454	18	
旨	delicious	6	455	18	
脂	fat	10	456	18	
壱	I (one)	7	457	18	
毎	every	6	458	18	
敏	cleverness	10	459	18	
梅	plum	10	460	18	
海	sea	9	461	18	
乞	beg	3	462	18	
乾	drought	11	463	18	
腹	abdomen	13	464	18	
複	duplicate	14	465	18	
欠	lack	4	466	18	
吹	blow	7	467	18	
炊	cook	8	468	18	
歌	song	14	469	18	
軟	soft	11	470	18	
次	next	6	471	18	
茨	briar	9	472	18	
資	assets	13	473	18	
姿	figure	9	474	18	
諮	consult with	16	475	18	
賠	compensation	15	476	19	
培	cultivate	11	477	19	
剖	divide	10	478	19	
音	sound	9	479	19	
暗	darkness	13	480	19	
韻	rhyme	19	481	19	
識	discriminating	19	482	19	
鏡	mirror	19	483	19	
境	boundary	14	484	19	
亡	deceased	3	485	19	
盲	blind	8	486	19	
妄	delusion	6	487	19	
荒	laid waste	9	488	19	
望	ambition	11	489	19	
方	direction	4	490	19	
妨	disturb	7	491	19	
坊	boy	7	492	19	
芳	perfumed	7	493	19	
肪	obese	8	494	19	
訪	call on	11	495	19	
放	set free	8	496	19	
激	violent	16	497	19	
脱	undress	11	498	19	
説	rumor	14	499	19	
鋭	pointed	15	500	19	
曽	formerly	11	501	19	
増	increase	14	502	19	
贈	presents	18	503	19	
東	east	8	504	19	
棟	ridgepole	12	505	19	
凍	frozen	10	506	19	
妊	pregnancy	7	507	19	
廷	courts	7	508	19	
染	dye	9	509	20	
燃	burn	16	510	20	
賓	V.I.P.	15	511	20	
歳	year-end	13	512	20	
県	prefecture	9	513	20	
栃	horse chestnut	9	514	20	
地	ground	6	515	21	
池	pond	6	516	21	
虫	insect	6	517	21	
蛍	lightning bug	11	518	21	
蛇	snake	11	519	21	
虹	rainbow	9	520	21	
蝶	butterfly	15	521	21	
独	single	9	522	21	
蚕	silkworm	10	523	21	
風	wind	9	524	21	
己	self	3	525	21	
起	rouse	10	526	21	
妃	queen	6	527	21	
改	reformation	7	528	21	
記	scribe	10	529	21	
包	wrap	5	530	21	
胞	placenta	9	531	21	
砲	cannon	10	532	21	
泡	bubble	8	533	21	
亀	tortoise	11	534	21	
電	electricity	13	535	21	
竜	dragon	10	536	21	
滝	waterfall	13	537	21	
豚	pork	11	538	21	
逐	pursue	10	539	21	
遂	consummate	12	540	21	
家	house	10	541	21	
嫁	marry into	13	542	21	
豪	overpowering	14	543	21	
腸	intestines	13	544	21	
場	location	12	545	21	
湯	hot water	12	546	21	
羊	sheep	6	547	21	
美	beauty	9	548	21	
洋	ocean	9	549	21	
詳	detailed	13	550	21	
鮮	fresh	17	551	21	
達	accomplished	12	552	21	
羨	envious	13	553	21	
差	distinction	10	554	21	
着	don	12	555	21	
唯	solely	11	556	21	
焦	char	12	557	21	
礁	reef	17	558	21	
集	gather	12	559	21	
准	quasi-	10	560	21	
進	advance	11	561	21	
雑	miscellaneous	14	562	21	
雌	feminine	14	563	21	
準	semi-	13	564	21	
奮	stirred up	16	565	21	
奪	rob	14	566	21	
確	assurance	15	567	21	
午	noon	4	568	21	
許	permit	11	569	21	
歓	delight	15	570	21	
権	authority	15	571	21	
観	outlook	18	572	21	
羽	feathers	6	573	21	
習	learn	11	574	21	
翌	the following	11	575	21	
曜	weekday	18	576	21	
濯	laundry	17	577	21	
曰	sayeth	4	578	22	
困	quandary	7	579	22	
固	harden	8	580	22	
国	country	8	581	22	
団	group	6	582	22	
因	cause	6	583	22	
姻	matrimony	9	584	22	
園	park	13	585	22	
回	-times	6	586	22	
壇	podium	16	587	22	
店	store	8	588	22	
庫	warehouse	10	589	22	
庭	courtyard	10	590	22	
庁	government office	5	591	22	
床	bed	7	592	22	
麻	hemp	11	593	22	
磨	grind	16	594	22	
心	heart	4	595	22	
忘	forget	7	596	22	
忍	endure	7	597	22	
認	acknowledge	14	598	22	
忌	mourning	7	599	22	
志	intention	7	600	22	
誌	document	14	601	22	
忠	loyalty	8	602	22	
串	shish kebab	7	603	22	
患	afflicted	11	604	22	
思	think	9	605	22	
恩	grace	10	606	22	
応	apply	7	607	22	
意	idea	13	608	22	
想	concept	13	609	22	
息	breath	10	610	22	
憩	recess	16	611	22	
恵	favor	10	612	22	
恐	fear	10	613	22	
惑	beguile	12	614	22	
感	emotion	13	615	22	
憂	melancholy	15	616	22	
寡	widow	14	617	22	
忙	busy	6	618	22	
悦	ecstasy	10	619	22	
恒	constancy	9	620	22	
悼	lament	11	621	22	
悟	enlightenment	10	622	22	
怖	dreadful	8	623	22	
慌	disconcerted	12	624	22	
悔	repent	9	625	22	
憎	hate	14	626	22	
慣	accustomed	14	627	22	
愉	pleasure	12	628	22	
惰	lazy	12	629	22	
慎	humility	13	630	22	
憾	remorse	16	631	22	
憶	recollection	16	632	22	
慕	pining	14	633	22	
添	annexed	11	634	22	
必	invariably	5	635	22	
泌	ooze	8	636	22	
手	hand	4	637	23	
看	watch over	9	638	23	
摩	chafe	15	639	23	
我	ego	7	640	23	
義	righteousness	13	641	23	
議	deliberation	20	642	23	
犠	sacrifice	17	643	23	
抹	rub	8	644	23	
抱	embrace	8	645	23	
搭	board	12	646	23	
抄	extract	7	647	23	
抗	confront	7	648	23	
批	criticism	7	649	23	
招	beckon	8	650	23	
拓	clear the land	8	651	23	
拍	clap	8	652	23	
打	strike	5	653	23	
拘	arrest	8	654	23	
捨	discard	11	655	23	
拐	kidnap	8	656	23	
摘	pinch	14	657	23	
挑	challenge	9	658	23	
指	finger	9	659	23	
持	hold	9	660	23	
括	fasten	9	661	23	
揮	brandish	12	662	23	
推	conjecture	11	663	23	
揚	hoist	12	664	23	
提	propose	12	665	23	
損	damage	13	666	23	
拾	pick up	9	667	23	
担	shouldering	8	668	23	
拠	foothold	8	669	23	
描	sketch	11	670	23	
操	maneuver	16	671	23	
接	touch	11	672	23	
掲	put up a notice	11	673	23	
掛	hang	11	674	23	
研	polish	9	675	23	
戒	commandment	7	676	23	
械	contraption	11	677	23	
鼻	nose	14	678	23	
刑	punish	6	679	23	
型	mould	9	680	23	
才	genius	3	681	23	
財	property	10	682	23	
材	lumber	7	683	23	
存	suppose	6	684	23	
在	exist	6	685	23	
乃	from	2	686	23	
携	portable	13	687	23	
及	reach out	3	688	23	
吸	suck	6	689	23	
扱	handle	6	690	23	
丈	length	3	691	23	
史	history	5	692	23	
吏	officer	6	693	23	
更	grow late	7	694	23	
硬	stiff	12	695	23	
又	or again	2	696	23	
双	pair	4	697	23	
桑	mulberry	10	698	23	
隻	vessels	10	699	23	
護	safeguard	20	700	23	
獲	seize	16	701	23	
奴	guy	5	702	23	
怒	angry	9	703	23	
友	friend	4	704	23	
抜	slip out	7	705	23	
投	throw	7	706	23	
没	drown	7	707	23	
設	establishment	11	708	23	
撃	beat	15	709	23	
殻	husk	11	710	23	
支	branch	4	711	23	
技	skill	7	712	23	
枝	bough	8	713	23	
肢	limb	8	714	23	
茎	stalk	8	715	23	
怪	suspicious	8	716	23	
軽	lightly	12	717	23	
叔	uncle	8	718	23	
督	coach	13	719	23	
寂	loneliness	11	720	23	
淑	graceful	11	721	23	
反	anti-	4	722	23	
坂	slope	7	723	23	
板	plank	8	724	23	
返	return	7	725	23	
販	marketing	11	726	23	
爪	claw	4	727	23	
妥	gentle	7	728	23	
乳	milk	8	729	23	
浮	floating	10	730	23	
将	leader	10	731	23	
奨	exhort	13	732	23	
採	pick	11	733	23	
菜	vegetable	11	734	23	
受	accept	8	735	23	
授	impart	11	736	23	
愛	love	13	737	23	
払	pay	5	738	23	
広	wide	5	739	23	
拡	broaden	8	740	23	
鉱	mineral	13	741	23	
弁	valve	5	742	23	
雄	masculine	12	743	23	
台	pedestal	5	744	23	
怠	neglect	9	745	23	
治	reign	8	746	23	
始	commence	8	747	23	
胎	womb	9	748	23	
窓	window	11	749	23	
去	gone	5	750	23	
法	method	8	751	23	
会	meeting	6	752	23	
至	climax	6	753	23	
室	room	9	754	23	
到	arrival	8	755	23	
致	doth	10	756	23	
互	mutually	4	757	23	
棄	abandon	13	758	23	
育	bring up	8	759	23	
撤	remove	15	760	23	
充	allot	6	761	23	
銃	gun	14	762	23	
硫	sulfur	12	763	23	
流	current	10	764	23	
允	license	4	765	23	
唆	tempt	10	766	23	
出	exit	5	767	24	
山	mountain	3	768	24	
拙	bungling	8	769	24	
岩	boulder	8	770	24	
炭	charcoal	9	771	24	
岐	branch off	7	772	24	
峠	mountain pass	9	773	24	
崩	crumble	11	774	24	
密	secrecy	11	775	24	
蜜	honey	12	776	24	
嵐	storm	12	777	24	
崎	promontory	11	778	24	
入	enter	2	779	24	
込	crowded	5	780	24	
分	part	4	781	24	
貧	poverty	11	782	24	
頒	partition	13	783	24	
公	public	4	784	24	
松	pine tree	8	785	24	
翁	venerable old man	10	786	24	
訟	sue	11	787	24	
谷	valley	7	788	24	
浴	bathe	10	789	24	
容	contain	10	790	24	
溶	melt	13	791	24	
欲	longing	11	792	24	
裕	abundant	12	793	24	
鉛	lead (metal)	13	794	24	
沿	run alongside	8	795	24	
賞	prize	15	796	25	
党	party	10	797	25	
堂	hall	11	798	25	
常	usual	11	799	25	
裳	skirt	14	800	25	
掌	manipulate	12	801	25	
皮	pelt	5	802	25	
波	waves	8	803	25	
婆	old woman	11	804	25	
披	expose	8	805	25	
破	rend	10	806	25	
被	incur	10	807	25	
残	remainder	10	808	25	
殉	martyrdom	10	809	25	
殊	particularly	10	810	25	
殖	augment	12	811	25	
列	file	6	812	25	
裂	split	12	813	25	
烈	ardent	10	814	25	
死	death	6	815	25	
葬	interment	12	816	25	
瞬	wink	18	817	25	
耳	ear	6	818	25	
取	take	8	819	25	
趣	gist	15	820	25	
最	utmost	12	821	25	
撮	snapshot	15	822	25	
恥	shame	10	823	25	
職	at post	18	824	25	
聖	holy	13	825	25	
敢	daring	12	826	25	
聴	listen	17	827	25	
懐	pocket	16	828	25	
慢	ridicule	14	829	25	
漫	loose	14	830	25	
買	buy	12	831	25	
置	placement	13	832	25	
罰	penalty	14	833	25	
寧	rather	14	834	25	
濁	voiced	16	835	25	
環	ring	17	836	25	
還	send back	16	837	25	
夫	husband	4	838	25	
扶	aid	7	839	25	
渓	mountain stream	11	840	25	
規	standard	11	841	25	
替	exchange	12	842	25	
賛	approve	15	843	25	
潜	submerge	15	844	25	
失	lose	5	845	25	
鉄	iron	13	846	25	
迭	alternate	8	847	25	
臣	retainer	7	848	25	
姫	princess	10	849	25	
蔵	storehouse	15	850	25	
臓	entrails	19	851	25	
賢	intelligent	16	852	25	
堅	strict	12	853	25	
臨	look to	18	854	25	
覧	perusal	17	855	25	
巨	gigantic	5	856	25	
拒	repel	8	857	25	
力	power	2	858	25	
男	male	7	859	25	
労	labor	7	860	25	
募	recruit	12	861	25	
劣	inferiority	6	862	25	
功	achievement	5	863	25	
勧	persuade	13	864	25	
努	toil	7	865	25	
励	encourage	7	866	25	
加	add	5	867	25	
賀	congratulations	12	868	25	
架	erect	9	869	25	
脇	armpit	10	870	25	
脅	threaten	10	871	25	
協	co-	8	872	25	
行	going	6	873	25	
律	rhythm	9	874	25	
復	restore	12	875	25	
得	gain	11	876	25	
従	accompany	10	877	25	
徒	junior	10	878	25	
待	wait	9	879	25	
往	journey	8	880	25	
征	subjugate	8	881	25	
径	diameter	8	882	25	
彼	he	8	883	25	
役	duty	7	884	25	
徳	benevolence	14	885	25	
徹	penetrate	15	886	25	
徴	indications	14	887	25	
懲	penal	18	888	25	
微	delicate	13	889	25	
街	boulevard	12	890	25	
衡	equilibrium	16	891	25	
稿	draft	15	892	26	
稼	earnings	15	893	26	
程	extent	12	894	26	
税	tax	12	895	26	
稚	immature	13	896	26	
和	harmony	8	897	26	
移	shift	11	898	26	
秒	second	9	899	26	
秋	autumn	9	900	26	
愁	distress	13	901	26	
私	private	7	902	26	
秩	regularity	10	903	26	
秘	secret!	10	904	26	
称	appellation	10	905	26	
利	profit	7	906	26	
梨	pear tree	11	907	26	
穫	harvest	18	908	26	
穂	ear of a plant	15	909	26	
稲	rice plant	14	910	26	
香	incense	9	911	26	
季	seasons	8	912	26	
委	committee	8	913	26	
秀	excel	7	914	26	
透	transparent	10	915	26	
誘	entice	14	916	26	
穀	cereals	14	917	26	
菌	germ	11	918	26	
米	rice	6	919	26	
粉	flour	10	920	26	
粘	sticky	11	921	26	
粒	grains	11	922	26	
粧	cosmetics	12	923	26	
迷	astray	9	924	26	
粋	chic	10	925	26	
糧	provisions	18	926	26	
菊	chrysanthemum	11	927	26	
奥	core	12	928	26	
数	number	13	929	26	
楼	watchtower	13	930	26	
類	sort	18	931	26	
漆	lacquer	14	932	26	
様	Esq.	14	933	26	
求	request	7	934	26	
球	ball	11	935	26	
救	salvation	11	936	26	
竹	bamboo	6	937	26	
笑	laugh	10	938	26	
笠	bamboo hat	11	939	26	
笹	bamboo grass	11	940	26	
筋	muscle	12	941	26	
箱	box	15	942	26	
筆	writing brush	12	943	26	
筒	cylinder	12	944	26	
等	etc.	12	945	26	
算	calculate	14	946	26	
答	solution	12	947	26	
策	scheme	12	948	26	
簿	register	19	949	26	
築	fabricate	16	950	26	
人	person	2	951	27	
佐	assistant	7	952	27	
但	however	7	953	27	
住	dwell	7	954	27	
位	rank	7	955	27	
仲	go-between	6	956	27	
体	body	7	957	27	
悠	remote	11	958	27	
件	affair	6	959	27	
仕	attend	5	960	27	
他	other	5	961	27	
伏	prostrated	6	962	27	
伝	transmit	6	963	27	
仏	Buddha	4	964	27	
休	rest	6	965	27	
仮	sham	6	966	27	
伯	chief	7	967	27	
俗	vulgar	9	968	27	
信	faith	9	969	27	
佳	excellent	8	970	27	
依	reliant	8	971	27	
例	example	8	972	27	
個	individual	10	973	27	
健	healthy	11	974	27	
側	side	11	975	27	
侍	waiter	8	976	27	
停	halt	11	977	27	
値	price	10	978	27	
倣	emulate	10	979	27	
倒	overthrow	10	980	27	
偵	spy	11	981	27	
僧	Buddhist priest	13	982	27	
億	hundred million	15	983	27	
儀	ceremony	15	984	27	
償	reparation	17	985	27	
仙	hermit	5	986	27	
催	sponsor	13	987	27	
仁	humanity	4	988	27	
侮	scorn	8	989	27	
使	use	8	990	27	
便	convenience	9	991	27	
倍	double	10	992	27	
優	affectionate	17	993	27	
伐	fell	6	994	27	
宿	inn	11	995	27	
傷	wound	13	996	27	
保	protect	9	997	27	
褒	praise	15	998	27	
傑	greatness	13	999	27	
付	adhere	5	1000	27	
符	token	11	1001	27	
府	municipality	8	1002	27	
任	responsibility	6	1003	27	
賃	fare	13	1004	27	
代	substitute	5	1005	27	
袋	sack	11	1006	27	
貸	lend	12	1007	27	
化	change	4	1008	27	
花	flower	7	1009	27	
貨	currency	11	1010	27	
傾	lean	13	1011	27	
何	what	7	1012	27	
荷	baggage	10	1013	27	
俊	sagacious	9	1014	27	
傍	bystander	12	1015	27	
久	long time	3	1016	27	
畝	furrow	10	1017	27	
囚	captured	5	1018	27	
内	inside	4	1019	27	
丙	third class	5	1020	27	
柄	design	9	1021	27	
肉	meat	6	1022	27	
腐	rot	14	1023	27	
座	sit	10	1024	27	
卒	graduate	8	1025	27	
傘	umbrella	12	1026	27	
匁	monme	4	1027	28	
以	by means of	5	1028	28	
似	similar	7	1029	28	
併	join	8	1030	28	
瓦	tile	5	1031	28	
瓶	flower pot	11	1032	28	
宮	Shinto shrine	10	1033	28	
営	occupation	12	1034	28	
善	virtuous	12	1035	28	
年	year	6	1036	28	
夜	night	8	1037	28	
液	fluid	11	1038	28	
塚	hillock	12	1039	28	
幣	cash	15	1040	28	
弊	abuse	15	1041	28	
喚	yell	12	1042	28	
換	interchange	12	1043	28	
融	dissolve	16	1044	28	
施	alms	9	1045	29	
旋	rotation	11	1046	29	
遊	play	12	1047	29	
旅	trip	10	1048	29	
勿	not	4	1049	29	
物	thing	8	1050	29	
易	easy	8	1051	29	
賜	grant	15	1052	29	
尿	urine	7	1053	29	
尼	nun	5	1054	29	
泥	mud	8	1055	29	
塀	fence	12	1056	29	
履	footgear	15	1057	29	
屋	roof	9	1058	29	
握	grip	12	1059	29	
屈	yield	8	1060	29	
掘	dig	11	1061	29	
堀	trench	11	1062	29	
居	reside	8	1063	29	
据	set	11	1064	29	
層	stratum	14	1065	29	
局	bureau	7	1066	29	
遅	slow	12	1067	29	
漏	leak	14	1068	29	
刷	printing	8	1069	29	
尺	shaku	4	1070	29	
尽	exhaust	6	1071	29	
沢	swamp	7	1072	29	
訳	translate	11	1073	29	
択	choose	7	1074	29	
昼	daytime	9	1075	29	
戸	door	4	1076	29	
肩	shoulder	8	1077	29	
房	tassel	8	1078	29	
扇	fan	10	1079	29	
炉	hearth	8	1080	29	
戻	re-	7	1081	29	
涙	tears	10	1082	29	
雇	employ	12	1083	29	
顧	look back	21	1084	29	
啓	disclose	11	1085	29	
示	show	5	1086	30	
礼	salutation	5	1087	30	
祥	auspicious	10	1088	30	
祝	celebrate	9	1089	30	
福	blessing	13	1090	30	
祉	welfare	8	1091	30	
社	company	7	1092	30	
視	inspection	11	1093	30	
奈	Nara	8	1094	30	
尉	military officer	11	1095	30	
慰	consolation	15	1096	30	
款	goodwill	12	1097	30	
禁	prohibition	13	1098	30	
襟	collar	18	1099	30	
宗	religion	8	1100	30	
崇	adore	11	1101	30	
祭	ritual	11	1102	30	
察	guess	14	1103	30	
擦	grate	17	1104	30	
由	wherefore	5	1105	30	
抽	pluck	8	1106	30	
油	oil	8	1107	30	
袖	sleeve	10	1108	30	
宙	mid-air	8	1109	30	
届	deliver	8	1110	30	
笛	flute	11	1111	30	
軸	axis	12	1112	30	
甲	armor	5	1113	30	
押	push	8	1114	30	
岬	headland	8	1115	30	
挿	insert	10	1116	30	
申	speaketh	5	1117	30	
伸	expand	7	1118	30	
神	gods	9	1119	30	
捜	search	10	1120	30	
果	fruit	8	1121	30	
菓	candy	11	1122	30	
課	chapter	15	1123	30	
裸	naked	13	1124	30	
斤	ax	4	1125	31	
析	chop	8	1126	31	
所	place	8	1127	31	
祈	pray	8	1128	31	
近	near	7	1129	31	
折	fold	7	1130	31	
哲	philosophy	10	1131	31	
逝	departed	10	1132	31	
誓	vow	14	1133	31	
暫	temporarily	15	1134	31	
漸	steadily	14	1135	31	
断	severance	11	1136	31	
質	Quality	15	1137	31	
斥	reject	5	1138	31	
訴	accusation	12	1139	31	
昨	yesterday	9	1140	31	
詐	lie	12	1141	31	
作	make	7	1142	31	
雪	snow	11	1143	31	
録	record	16	1144	31	
尋	inquire	12	1145	31	
急	hurry	9	1146	31	
穏	calm	16	1147	31	
侵	encroach	9	1148	31	
浸	immersed	10	1149	31	
寝	lie down	13	1150	31	
婦	lady	11	1151	31	
掃	sweep	11	1152	31	
当	hit	6	1153	31	
争	contend	6	1154	31	
浄	clean	9	1155	31	
事	matter	8	1156	31	
唐	T'ang	10	1157	31	
糖	sugar	16	1158	31	
康	sane	11	1159	31	
逮	apprehend	11	1160	31	
伊	Italy	6	1161	31	
君	kimi	7	1162	31	
群	flock	13	1163	31	
耐	-proof	9	1164	31	
需	demand	14	1165	31	
儒	Confucian	16	1166	31	
端	edge	14	1167	31	
両	both	6	1168	31	
満	full	12	1169	31	
画	brush stroke	8	1170	31	
歯	tooth	12	1171	31	
曲	bend	6	1172	31	
曹	cadet	11	1173	31	
遭	encounter	14	1174	31	
漕	rowing	14	1175	31	
槽	vat	15	1176	31	
斗	Big Dipper	4	1177	31	
料	fee	10	1178	31	
科	department	9	1179	31	
図	map	7	1180	31	
用	utilize	5	1181	31	
庸	comfortable	11	1182	31	
備	equip	12	1183	31	
昔	once upon a time	8	1184	32	
錯	confused	16	1185	32	
借	borrow	10	1186	32	
惜	pity	11	1187	32	
措	set aside	11	1188	32	
散	scatter	12	1189	32	
廿	twenty	4	1190	32	
庶	commoner	11	1191	32	
遮	intercept	14	1192	32	
席	seat	10	1193	32	
度	degrees	9	1194	32	
渡	transit	12	1195	32	
奔	bustle	8	1196	32	
噴	erupt	15	1197	32	
墳	tomb	15	1198	32	
憤	aroused (rage)	15	1199	32	
焼	bake	12	1200	32	
暁	mornbreak	12	1201	32	
半	half	5	1202	32	
伴	consort	7	1203	32	
畔	paddy ridge	10	1204	32	
判	judgment	7	1205	32	
券	ticket	8	1206	32	
巻	scroll	9	1207	32	
圏	sphere	12	1208	32	
勝	victory	12	1209	32	
藤	wisteria	18	1210	32	
謄	facsimilie	17	1211	32	
片	one-sided	4	1212	32	
版	printing block	8	1213	32	
之	Zorro	3	1214	32	
乏	destitution	4	1215	32	
芝	turf	6	1216	32	
不	negative	4	1217	32	
否	negate!	7	1218	32	
杯	cupfuls	8	1219	32	
矢	dart	5	1220	33	
矯	rectify	17	1221	33	
族	tribe	11	1222	33	
知	know	8	1223	33	
智	wisdom	12	1224	33	
矛	halberd	5	1225	33	
柔	tender	9	1226	33	
務	task	11	1227	33	
霧	fog	19	1228	33	
班	squad	10	1229	33	
帰	homecoming	10	1230	33	
弓	bow	3	1231	33	
引	pull	4	1232	33	
弔	condolences	4	1233	33	
弘	vast	5	1234	33	
強	strong	11	1235	33	
弱	weak	10	1236	33	
沸	seethe	8	1237	33	
費	expense	12	1238	33	
第	No.	11	1239	33	
弟	younger brother	7	1240	33	
巧	adroit	5	1241	33	
号	nickname	5	1242	33	
朽	decay	6	1243	33	
誇	boast	13	1244	33	
汚	dirty	6	1245	33	
与	bestow	3	1246	33	
写	copy	5	1247	33	
身	somebody	7	1248	34	
射	shoot	10	1249	34	
謝	apologize	17	1250	34	
老	old man	6	1251	34	
考	consider	6	1252	34	
孝	filial piety	7	1253	34	
教	teach	11	1254	34	
拷	torture	9	1255	34	
者	someone	8	1256	34	
煮	boil	12	1257	34	
著	renowned	11	1258	34	
署	signature	13	1259	34	
暑	sultry	12	1260	34	
諸	various	15	1261	34	
猪	boar	11	1262	34	
渚	stranded	11	1263	34	
賭	gamble	15	1264	34	
峡	Gorge (t)	9	1265	34	
狭	cramped	9	1266	34	
挟	sandwiched	9	1267	34	
追	chase	9	1268	34	
師	expert	10	1269	34	
帥	commander	9	1270	34	
官	bureaucrat	8	1271	34	
棺	coffin	12	1272	34	
管	pipe	14	1273	34	
父	father	4	1274	34	
交	mingle	6	1275	34	
効	efficiency	8	1276	34	
較	contrast	13	1277	34	
校	school!	10	1278	34	
足	leg	7	1279	34	
促	stimulate	9	1280	34	
距	long-distance	12	1281	34	
路	path	13	1282	34	
露	dew	21	1283	34	
跳	hop	13	1284	34	
躍	leap	21	1285	34	
践	tread	13	1286	34	
踏	step	15	1287	34	
骨	skeleton	10	1288	34	
滑	slippery	13	1289	34	
髄	marrow	19	1290	34	
禍	calamity	13	1291	34	
渦	whirlpool	12	1292	34	
過	overdo	12	1293	34	
阪	Osaka	7	1294	35	
阿	Africa	8	1295	35	
際	occasion	14	1296	35	
障	hinder	14	1297	35	
随	follow	12	1298	35	
陪	auxiliary	11	1299	35	
陽	sunshine	12	1300	35	
陳	exhibit	11	1301	35	
防	ward off	7	1302	35	
附	affixed	8	1303	35	
院	Inst.	10	1304	35	
陣	camp	10	1305	35	
隊	regiment	12	1306	35	
墜	crash	15	1307	35	
降	descend	10	1308	35	
階	storey	12	1309	35	
陛	highness	10	1310	35	
隣	neighboring	16	1311	35	
隔	isolate	13	1312	35	
隠	conceal	14	1313	35	
堕	degenerate	12	1314	35	
陥	collapse	10	1315	35	
穴	hole	5	1316	35	
空	empty	8	1317	35	
控	withdraw	11	1318	35	
突	stab	8	1319	35	
究	research	7	1320	35	
窒	plug up	11	1321	35	
窃	stealth	9	1322	35	
窪	depression (t)	14	1323	35	
搾	squeeze	13	1324	35	
窯	kiln	15	1325	35	
窮	hard up	15	1326	35	
探	grope	11	1327	35	
深	deep	11	1328	35	
丘	hill	5	1329	35	
岳	Everest	8	1330	35	
兵	soldier	7	1331	35	
浜	seacoast	10	1332	35	
糸	thread	6	1333	36	
織	weave	18	1334	36	
繕	darning	18	1335	36	
縮	shrink	17	1336	36	
繁	luxuriante	16	1337	36	
縦	vertical	16	1338	36	
線	line	15	1339	36	
締	tighten	15	1340	36	
維	fiber	14	1341	36	
羅	gauze	19	1342	36	
練	practice	14	1343	36	
緒	thong	14	1344	36	
続	continue	13	1345	36	
絵	picture	12	1346	36	
統	overall	12	1347	36	
絞	strangle	12	1348	36	
給	salary	12	1349	36	
絡	entwine	12	1350	36	
結	tie	12	1351	36	
終	end	11	1352	36	
級	class	9	1353	36	
紀	chronicle	9	1354	36	
紅	crimson	9	1355	36	
納	settlement	10	1356	36	
紡	spinning	10	1357	36	
紛	distract	10	1358	36	
紹	introduce	11	1359	36	
経	sutra	11	1360	36	
紳	sire	11	1361	36	
約	promise	9	1362	36	
細	dainty	11	1363	36	
累	accumulate	11	1364	36	
索	cord	10	1365	36	
総	general	14	1366	36	
綿	cotton	14	1367	36	
絹	silk	13	1368	36	
繰	winding	19	1369	36	
継	inherit	13	1370	36	
緑	green	14	1371	36	
縁	affinity	15	1372	36	
網	netting	14	1373	36	
緊	tense	15	1374	36	
紫	purple	12	1375	36	
縛	truss	16	1376	36	
縄	straw rope	15	1377	36	
幼	infancy	5	1378	36	
後	behind	9	1379	36	
幽	faint	9	1380	36	
幾	how many	12	1381	36	
機	mechanism	16	1382	36	
玄	mysterious	5	1383	36	
畜	livestock	10	1384	36	
蓄	amass	13	1385	36	
弦	bowstring	8	1386	36	
擁	hug	16	1387	36	
滋	nourishing	12	1388	36	
慈	mercy	13	1389	36	
磁	magnet	14	1390	36	
系	lineage	7	1391	36	
係	person in charge	9	1392	36	
孫	grandchild	10	1393	36	
懸	suspend	20	1394	36	
却	instead	7	1395	37	
脚	shins	11	1396	37	
卸	wholesale	9	1397	37	
御	honorable	12	1398	37	
服	clothing	8	1399	37	
命	fate	8	1400	37	
令	orders	5	1401	37	
零	zero	13	1402	37	
齢	age	17	1403	37	
冷	cool	7	1404	37	
領	jurisdiction	14	1405	37	
鈴	small bell	13	1406	37	
勇	courage	9	1407	37	
通	traffic	10	1408	37	
踊	jump	14	1409	37	
疑	doubt	14	1410	37	
擬	mimic	17	1411	37	
凝	congeal	16	1412	37	
範	pattern	15	1413	37	
犯	crime	5	1414	37	
厄	unlucky	4	1415	37	
危	dangerous	6	1416	37	
宛	address	8	1417	37	
腕	arm	12	1418	37	
苑	garden	8	1419	37	
怨	grudge	9	1420	37	
柳	willow	9	1421	37	
卵	egg	7	1422	37	
留	detain	10	1423	37	
貿	trade	12	1424	37	
印	stamp	6	1425	37	
興	entertain	16	1426	37	
酉	sign of the bird	7	1427	38	
酒	sake	10	1428	38	
酌	bartending	10	1429	38	
酵	fermentation	14	1430	38	
酷	cruel	14	1431	38	
酬	repay	13	1432	38	
酪	dairy products	13	1433	38	
酢	vinegar	12	1434	38	
酔	drunk	11	1435	38	
配	distribute	10	1436	38	
酸	acid	14	1437	38	
猶	waver	12	1438	38	
尊	revered	12	1439	38	
豆	beans	7	1440	38	
頭	head	16	1441	38	
短	short	12	1442	38	
豊	bountiful	13	1443	38	
鼓	drum	13	1444	38	
喜	rejoice	12	1445	38	
樹	timber-trees	16	1446	38	
皿	dish	5	1447	38	
血	blood	6	1448	38	
盆	basin	9	1449	38	
盟	alliance	13	1450	38	
盗	steal	11	1451	38	
温	warm	12	1452	38	
監	oversee	15	1453	38	
濫	overflow	18	1454	38	
鑑	specimen	23	1455	38	
猛	fierce	11	1456	38	
盛	boom	11	1457	38	
塩	salt	13	1458	38	
銀	silver	14	1459	38	
恨	resentment	9	1460	38	
根	root	10	1461	38	
即	instant	7	1462	38	
爵	baron	17	1463	38	
節	node	13	1464	38	
退	retreat	9	1465	38	
限	limit	9	1466	38	
眼	eyeball	11	1467	38	
良	good	7	1468	38	
朗	melodious	10	1469	38	
浪	wandering	10	1470	38	
娘	daughter	10	1471	38	
食	eat	9	1472	38	
飯	meal	12	1473	38	
飲	drink	12	1474	38	
飢	hungry	10	1475	38	
餓	starve	15	1476	38	
飾	decorate	13	1477	38	
館	Bldg.	16	1478	38	
養	foster	15	1479	38	
飽	sated	13	1480	38	
既	previously	10	1481	38	
概	outline	14	1482	38	
慨	rue	13	1483	38	
平	even	5	1484	39	
呼	call	8	1485	39	
坪	two-mat area	8	1486	39	
評	evaluate	12	1487	39	
刈	reap	4	1488	39	
希	hope	7	1489	39	
凶	villain	4	1490	39	
胸	bosom	10	1491	39	
離	detach	18	1492	39	
殺	kill	10	1493	39	
純	genuine	10	1494	39	
鈍	dull	12	1495	39	
辛	spicy	7	1496	39	
辞	resign	13	1497	39	
梓	catalpa	11	1498	39	
宰	superintend	10	1499	39	
壁	wall	16	1500	39	
避	evade	16	1501	39	
新	new	13	1502	39	
薪	firewood	16	1503	39	
親	parent	16	1504	39	
幸	happiness	8	1505	39	
執	tenacious	11	1506	39	
報	report	12	1507	39	
叫	shout	6	1508	39	
糾	twist	9	1509	39	
収	income	4	1510	39	
卑	lowly	9	1511	39	
碑	tombstone	14	1512	39	
陸	land	11	1513	39	
睦	intimate	13	1514	39	
勢	forces	13	1515	39	
熱	heat	15	1516	39	
菱	diamond	11	1517	39	
陵	mausoleum	11	1518	39	
亥	sign of the hog	6	1519	39	
核	nucleus	10	1520	39	
刻	engrave	8	1521	39	
該	above-stated	13	1522	39	
劾	censure	8	1523	39	
述	mention	8	1524	39	
術	art	11	1525	39	
寒	cold	12	1526	39	
醸	brew	20	1527	39	
譲	defer	20	1528	39	
壌	lot	16	1529	39	
嬢	lass	16	1530	39	
毒	poison	8	1531	40	
素	elementary	10	1532	40	
麦	barley	7	1533	40	
青	blue	8	1534	40	
精	refined	14	1535	40	
請	solicit	15	1536	40	
情	feelings	11	1537	40	
晴	clear up	12	1538	40	
清	pure	11	1539	40	
静	quiet	14	1540	40	
責	blame	11	1541	40	
績	exploits	17	1542	40	
積	volume	16	1543	40	
債	bond	13	1544	40	
漬	pickling	14	1545	40	
表	surface	8	1546	40	
俵	bag	10	1547	40	
潔	undefiled	15	1548	40	
契	pledge	9	1549	40	
喫	consume	12	1550	40	
害	harm	10	1551	40	
轄	control	17	1552	40	
割	proportion	12	1553	40	
憲	constitution	16	1554	40	
生	life	5	1555	40	
星	star	9	1556	40	
姓	surname	8	1557	40	
性	sex	8	1558	40	
牲	animal sacrifice	9	1559	40	
産	products	11	1560	40	
隆	hump	11	1561	40	
峰	summit	10	1562	40	
縫	sew	16	1563	40	
拝	worship	8	1564	40	
寿	longevity	7	1565	40	
鋳	casting	15	1566	40	
籍	enroll	20	1567	40	
春	springtime	9	1568	40	
椿	camellia	13	1569	40	
泰	peaceful	10	1570	40	
奏	play music	9	1571	40	
実	reality	8	1572	40	
奉	dedicate	8	1573	40	
俸	stipend	10	1574	40	
棒	rod	12	1575	40	
謹	discreet	17	1576	40	
勤	diligence	12	1577	40	
漢	Sino-	13	1578	40	
嘆	sigh	13	1579	40	
難	difficult	18	1580	40	
華	splendor	10	1581	40	
垂	droop	8	1582	40	
睡	drowsy	13	1583	40	
錘	spindle	16	1584	40	
乗	ride	9	1585	40	
剰	surplus	11	1586	40	
今	now	4	1587	41	
含	include	7	1588	41	
吟	versify	7	1589	41	
念	wish	8	1590	41	
琴	harp	12	1591	41	
陰	shade	11	1592	41	
予	beforehand	4	1593	41	
序	preface	7	1594	41	
預	deposit	13	1595	41	
野	plains	11	1596	41	
兼	concurrently	10	1597	41	
嫌	dislike	13	1598	41	
鎌	sickle	18	1599	41	
謙	self-effacing	17	1600	41	
廉	bargain	13	1601	41	
西	west	6	1602	41	
価	value	8	1603	41	
要	need	9	1604	41	
腰	loins	13	1605	41	
票	ballot	11	1606	41	
漂	drift	14	1607	41	
標	signpost	15	1608	41	
栗	chestnut	10	1609	41	
遷	transition	15	1610	41	
覆	capsize	18	1611	41	
煙	smoke	13	1612	41	
南	south	9	1613	41	
楠	camphor tree	13	1614	41	
献	offering	13	1615	41	
門	gates	8	1616	42	
問	question	11	1617	42	
閲	review	15	1618	42	
閥	clique	14	1619	42	
間	interval	12	1620	42	
簡	simplicity	18	1621	42	
開	open	12	1622	42	
閉	closed	11	1623	42	
閣	tower	14	1624	42	
閑	leisure	12	1625	42	
聞	hear	14	1626	42	
潤	wet	15	1627	42	
欄	column	20	1628	42	
闘	fight	18	1629	42	
倉	godown	10	1630	42	
創	genesis	12	1631	42	
非	un-	8	1632	42	
俳	haiku	10	1633	42	
排	repudiate	11	1634	42	
悲	sad	12	1635	42	
罪	guilt	13	1636	42	
輩	comrade	15	1637	42	
扉	front door	12	1638	42	
侯	marquis	9	1639	42	
候	climate	10	1640	42	
決	decide	7	1641	42	
快	cheerful	7	1642	42	
偉	admirable	12	1643	42	
違	difference	13	1644	42	
緯	horizontal	16	1645	42	
衛	defense	16	1646	42	
韓	Korea	18	1647	42	
干	dry	3	1648	43	
肝	liver	7	1649	43	
刊	publish	5	1650	43	
汗	sweat	6	1651	43	
軒	flats	10	1652	43	
岸	beach	8	1653	43	
幹	tree trunk	13	1654	43	
芋	potato	6	1655	43	
宇	eaves	6	1656	43	
余	too much	7	1657	43	
除	exclude	10	1658	43	
徐	gradually	10	1659	43	
叙	confer	9	1660	43	
途	route	10	1661	43	
斜	diagonal	11	1662	43	
塗	paint	13	1663	43	
束	bundle	7	1664	43	
頼	trust	16	1665	43	
瀬	rapids	19	1666	43	
勅	imperial order	9	1667	43	
疎	alienate	12	1668	43	
速	quick	10	1669	43	
整	organize	16	1670	43	
剣	saber	10	1671	43	
険	precipitous	11	1672	43	
検	examination	12	1673	43	
倹	frugal	10	1674	43	
重	heavy	9	1675	43	
動	move	11	1676	43	
勲	meritorious deed	15	1677	43	
働	work	13	1678	43	
種	species	14	1679	43	
衝	collide	15	1680	43	
薫	fragrant	16	1681	43	
病	ill	10	1682	44	
痴	stupid	13	1683	44	
痘	pox	12	1684	44	
症	symptoms	10	1685	44	
疾	rapidly	10	1686	44	
痢	diarrhea	12	1687	44	
疲	tired	10	1688	44	
疫	epidemic	9	1689	44	
痛	pain	12	1690	44	
癖	mannerism	18	1691	44	
匿	hide	10	1692	44	
匠	artisan	6	1693	44	
医	doctor	7	1694	44	
匹	equal	4	1695	44	
区	ward	4	1696	44	
枢	hinge	8	1697	44	
殴	assault	8	1698	44	
欧	Europe	8	1699	44	
抑	repress	7	1700	44	
仰	faceup	6	1701	44	
迎	welcome	7	1702	44	
登	ascend	12	1703	44	
澄	lucidity	15	1704	44	
発	discharge	9	1705	44	
廃	abolish	12	1706	44	
僚	colleague	14	1707	44	
寮	dormitory	15	1708	44	
療	heal	17	1709	44	
彫	carve	11	1710	45	
形	shape	7	1711	45	
影	shadow	15	1712	45	
杉	cedar	7	1713	45	
彩	coloring	11	1714	45	
彰	patent	14	1715	45	
彦	lad	9	1716	45	
顔	face	18	1717	45	
須	ought	12	1718	45	
膨	swell	16	1719	45	
参	visit	8	1720	45	
惨	wretched	11	1721	45	
修	discipline	10	1722	45	
珍	rare	9	1723	45	
診	checkup	12	1724	45	
文	sentence	4	1725	45	
対	vis-a-vis	7	1726	45	
紋	family crest	10	1727	45	
蚊	mosquito	10	1728	45	
斉	adjusted	8	1729	45	
剤	dose	10	1730	45	
済	finish	11	1731	45	
斎	purification	11	1732	45	
粛	solemn	11	1733	45	
塁	bases	12	1734	45	
楽	music	13	1735	45	
薬	medicine	16	1736	45	
率	ratio	11	1737	45	
渋	astringent	11	1738	45	
摂	vicarious	13	1739	45	
央	center	5	1740	45	
英	England	8	1741	45	
映	reflect	9	1742	45	
赤	red	7	1743	45	
赦	pardon	11	1744	45	
変	unusual	9	1745	45	
跡	tracks	13	1746	45	
蛮	barbarian	12	1747	45	
恋	romance	10	1748	45	
湾	gulf	12	1749	45	
黄	yellow	11	1750	45	
横	sideways	15	1751	45	
把	grasp	7	1752	45	
色	color	6	1753	45	
絶	discontinue	12	1754	45	
艶	glossy	19	1755	45	
肥	fertilizer	8	1756	45	
甘	sweet	5	1757	46	
紺	navy blue	11	1758	46	
某	so-and-so	9	1759	46	
謀	conspire	16	1760	46	
媒	mediator	12	1761	46	
欺	deceit	12	1762	46	
棋	chess piece	12	1763	46	
旗	national flag	14	1764	46	
期	period	12	1765	46	
碁	Go	13	1766	46	
基	fundamentals	11	1767	46	
甚	tremendously	9	1768	46	
勘	intuition	11	1769	46	
堪	withstand	12	1770	46	
貴	precious	12	1771	46	
遺	bequeath	15	1772	46	
遣	dispatch	13	1773	46	
舞	dance	15	1774	46	
無	nothingness	12	1775	46	
組	association	11	1776	47	
粗	coarse	11	1777	47	
租	tariff	10	1778	47	
祖	ancestor	9	1779	47	
阻	thwart	8	1780	47	
査	investigate	9	1781	47	
助	help	7	1782	47	
宜	best regards	8	1783	47	
畳	tatami mat	12	1784	47	
並	row	8	1785	47	
普	universal	12	1786	47	
譜	musical score	19	1787	47	
湿	damp	12	1788	47	
顕	appear	18	1789	47	
繊	slender	17	1790	47	
霊	spirits	15	1791	47	
業	profession	13	1792	47	
撲	slap	15	1793	47	
僕	me	14	1794	47	
共	together	6	1795	47	
供	submit	8	1796	47	
異	uncommon	11	1797	47	
翼	wing	17	1798	47	
洪	deluge	9	1799	47	
港	harbor	12	1800	47	
暴	outburst	15	1801	47	
爆	bomb	19	1802	47	
恭	respect	10	1803	47	
選	elect	15	1804	47	
殿	Mr.	13	1805	47	
井	well	4	1806	48	
囲	surround	7	1807	48	
耕	till	10	1808	48	
亜	Asia	7	1809	48	
悪	bad	11	1810	48	
円	circle	4	1811	48	
角	angle	7	1812	48	
触	contact	13	1813	48	
解	unravel	13	1814	48	
再	again	6	1815	48	
講	lecture	17	1816	48	
購	subscription	17	1817	48	
構	posture	14	1818	48	
溝	gutter	13	1819	48	
論	argument	15	1820	48	
倫	ethics	10	1821	48	
輪	wheel	15	1822	48	
偏	partial	11	1823	48	
遍	everywhere	12	1824	48	
編	compilation	15	1825	48	
冊	tome	5	1826	48	
典	code	8	1827	48	
氏	family name	4	1828	49	
紙	paper	10	1829	49	
婚	marriage	11	1830	49	
低	lower	7	1831	49	
抵	resist	8	1832	49	
底	bottom	8	1833	49	
民	people	5	1834	49	
眠	sleep	10	1835	49	
捕	catch	10	1836	49	
浦	bay	10	1837	49	
蒲	bullrush	13	1838	49	
舗	shop	15	1839	49	
補	supplement	12	1840	49	
邸	residence	8	1841	49	
郭	enclosure	11	1842	49	
郡	county	10	1843	49	
郊	outskirts	9	1844	49	
部	section	11	1845	49	
都	metropolis	11	1846	49	
郵	mail	11	1847	49	
邦	home country	7	1848	49	
郷	hometown	11	1849	49	
響	echo	20	1850	49	
郎	son	9	1851	49	
廊	corridor	12	1852	49	
盾	shield	9	1853	50	
循	sequential	12	1854	50	
派	faction	9	1855	50	
脈	vein	10	1856	50	
衆	masses	12	1857	50	
逓	parcel post	10	1858	50	
段	grade	9	1859	50	
鍛	forge	17	1860	50	
后	empress	6	1861	50	
幻	phantasm	4	1862	50	
司	director	5	1863	50	
伺	pay respects	7	1864	50	
詞	parts of speech	12	1865	50	
飼	domesticate	13	1866	50	
嗣	heir	13	1867	50	
舟	boat	6	1868	50	
舶	liner	11	1869	50	
航	navigate	10	1870	50	
般	carrier	10	1871	50	
盤	tray	15	1872	50	
搬	conveyor	13	1873	50	
船	ship	11	1874	50	
艦	warship	21	1875	50	
艇	rowboat	13	1876	50	
瓜	melon	6	1877	50	
弧	arc	9	1878	50	
孤	orphan	9	1879	50	
繭	cocoon	18	1880	51	
益	benefit	10	1881	51	
暇	spare time	13	1882	51	
敷	spread	15	1883	51	
来	come	7	1884	51	
気	spirit	6	1885	51	
汽	vapor	7	1886	51	
飛	fly	9	1887	51	
沈	sink	7	1888	51	
妻	wife	8	1889	51	
衰	decline	10	1890	51	
衷	inmost	9	1891	51	
面	mask	9	1892	51	
革	leather	9	1893	51	
靴	shoes	13	1894	51	
覇	hegemony	19	1895	51	
声	voice	7	1896	51	
呉	give	7	1897	51	
娯	recreation	10	1898	51	
誤	mistake	14	1899	51	
蒸	steam	13	1900	51	
承	acquiesce	8	1901	51	
函	bin	8	1902	51	
極	poles	12	1903	51	
牙	tusk	4	1904	52	
芽	bud	8	1905	52	
邪	wicked	8	1906	52	
雅	gracious	13	1907	52	
釈	explanation	11	1908	52	
番	turn	12	1909	52	
審	hearing	15	1910	52	
翻	flip	18	1911	52	
藩	clan	18	1912	52	
毛	fur	4	1913	52	
耗	decrease	10	1914	52	
尾	tail	7	1915	52	
宅	home	6	1916	52	
託	consign	10	1917	52	
為	do	9	1918	52	
偽	falsehood	11	1919	52	
長	long	8	1920	52	
張	lengthen	11	1921	52	
帳	notebook	11	1922	52	
脹	dilate	12	1923	52	
髪	hair of the head	14	1924	52	
展	unfold	10	1925	52	
喪	miss	12	1926	52	
巣	nest	11	1927	53	
単	simple	9	1928	53	
戦	war	13	1929	53	
禅	Zen	13	1930	53	
弾	bullet	12	1931	53	
桜	cherry tree	10	1932	53	
獣	animal	16	1933	53	
脳	brain	11	1934	53	
悩	trouble	10	1935	53	
厳	stern	17	1936	53	
鎖	chain	18	1937	53	
挙	raise	10	1938	53	
誉	reputation	13	1939	53	
猟	game hunting	11	1940	53	
鳥	bird	11	1941	53	
鳴	chirp	14	1942	53	
鶴	crane	21	1943	53	
烏	crow	10	1944	53	
蔦	vine	14	1945	53	
鳩	pigeon	13	1946	53	
鶏	chicken	19	1947	53	
島	island	10	1948	53	
暖	warmth	13	1949	53	
媛	beautiful woman	12	1950	53	
援	abet	12	1951	53	
緩	slacken	15	1952	53	
属	belong	12	1953	53	
嘱	entrust	15	1954	53	
偶	accidentally	11	1955	53	
遇	interview	12	1956	53	
愚	foolish	13	1957	53	
隅	corner	12	1958	53	
逆	inverted	9	1959	53	
塑	model	13	1960	53	
岡	Mount	8	1961	53	
鋼	steel	16	1962	53	
綱	hawser	14	1963	53	
剛	sturdy	10	1964	53	
缶	tin can	6	1965	53	
陶	pottery	11	1966	53	
揺	swing	12	1967	53	
謡	Noh chanting	16	1968	53	
就	concerning	12	1969	53	
懇	sociable	17	1970	53	
墾	groundbreaking	16	1971	53	
免	excuse	8	1972	53	
逸	elude	11	1973	53	
晩	nightfall	12	1974	53	
勉	exertion	10	1975	53	
象	elephant	12	1976	53	
像	statue	14	1977	53	
馬	horse	10	1978	54	
駒	pony	15	1979	54	
験	verification	18	1980	54	
騎	equestrian	18	1981	54	
駐	parking	15	1982	54	
駆	drive	14	1983	54	
駅	station	14	1984	54	
騒	boisterous	18	1985	54	
駄	burdensome	14	1986	54	
驚	wonder	22	1987	54	
篤	fervent	16	1988	54	
騰	inflation	20	1989	54	
虎	tiger	8	1990	54	
虜	captive	13	1991	54	
膚	skin	15	1992	54	
虚	void	11	1993	54	
戯	frolic	15	1994	54	
虞	uneasiness	13	1995	54	
慮	prudence	15	1996	54	
劇	drama	15	1997	54	
虐	tyrannize	9	1998	54	
鹿	deer	11	1999	54	
薦	recommend	16	2000	54	
慶	jubilation	15	2001	54	
麗	lovely	19	2002	54	
熊	bear	14	2003	54	
能	ability	10	2004	54	
態	attitude	14	2005	54	
寅	sign of the tiger	11	2006	55	
演	performance	14	2007	55	
辰	sign of the dragon	7	2008	55	
辱	embarrass	10	2009	55	
震	quake	15	2010	55	
振	shake	10	2011	55	
娠	with child	10	2012	55	
唇	lips	10	2013	55	
農	agriculture	13	2014	55	
濃	concentrated	16	2015	55	
送	send off	9	2016	55	
関	connection	14	2017	55	
咲	blossom	9	2018	55	
鬼	ghost	10	2019	55	
醜	ugly	17	2020	55	
魂	soul	14	2021	55	
魔	witch	21	2022	55	
魅	fascination	15	2023	55	
塊	clod	13	2024	55	
襲	attack	22	2025	55	
嚇	upbraid	17	2026	56	
朕	majestic plural	10	2027	56	
雰	atmosphere	12	2028	56	
箇	item	14	2029	56	
錬	tempering	16	2030	56	
遵	abide by	15	2031	56	
罷	quit	15	2032	56	
屯	barracks	4	2033	56	
且	moreover	5	2034	56	
藻	seaweed	19	2035	56	
隷	slave	16	2036	56	
癒	healing	18	2037	56	
丹	cinnabar	4	2038	56	
潟	lagoon	15	2039	56	
丑	sign of the cow	5	2040	56	
卯	sign of the hare	5	2041	56	
巳	sign of the snake	3	2042	56	
					
					
					
					
					
					
					
					
					
					
					
					
					
					
					
					
					
					
					
					
					
					
					
					
					
					
					
					
					
					
					
					
					
					
					
					
					
					
					
					
					
					
					
					
					
					
					
					
					
					
					
					
					
					
					
					
					
					
					
					
					
					
					
					
					
					
					
					
					
					
					
					
					
					
					
					
					
					
					
					
					
					
					
					
					
					
					
					
					
					
					
					
					
					
					
					
					
					
					
					
					
					
					
					
					
					
					
					
					
					
					
					
					
					
					
					
					
					
					
					
					
					
					
					
					
					
					
					
					
					
					
					
					
					
					
					
					
					
					
					
					
					
					
					
					
					
					
					
					
					
					
					
					
					
					
					
					
					
					
					
					
					
					
					
					
					
					
					
					
					
					
					
					
					
					
					
					
					
					
					
					
					
					
					
					
					
					
					
					
					
					
					
					
					
					
					
					
					
					
					
					
					
					
					
					
					
					
					
					
					
					
					
					
					
					
					
					
					
					
					
					
					
					Import:-duplicate Import:-same-Keyword
					
					
					
					
					
					
					
					
					
					
					
					
					
					
					
					
					
					
					
					
					
					
					
					
					
					
					
					
					
					
					
					
					
					
					
					
					
					
					
					
					
					
					
					
					
					
					
					
					
					
					
					
					
					
					
					
					
					
					
					
					
					
					
					
					
					
					
					
					
					
					
					
					
					
					
					
					
					
					
					
					
					
					
					
					
					
					
					
					
					
					
					
					
					
					
					
					
					
					
					
					
					
					
					
					
					
					
					
					
					
					
					
					
					
					
					
					
					
					
					
					
					
					
					
					
					
					
					
					
					
					
					
					
					
					
					
					
					
					
					
					
					
					
					
					
					
					
					
					
					
					Import:-duplicate Import:-same-Keyword
					
					
					Import:-duplicate Import:-same-Keyword
